FlightNumber,Date,BoosterVersion,PayloadMass,Orbit,LaunchSite,Outcome,Flights,GridFins,Reused,Legs,LandingPad,Block,ReusedCount,Serial,Longitude,Latitude,Class,Year,Month,Quarter,DayOfWeek,DayOfYear,WeekOfYear,DaysSinceFirstLaunch,IsWeekend,CumulativeFlightNumber,DaysSinceBoosterFirstFlight,BoosterFlightSequence,BoosterPriorSuccessRate,BlockCumulativeFlights,DaysBoosterBinned,SiteRollingSuccess_5,OverallRollingSuccess_5,OverallRollingSuccess_10,OrbitRollingSuccess_5,SiteCumulativeSuccess,OrbitCumulativeSuccess,PayloadCategory,PayloadCategoryNumeric,PayloadMassRelative,PayloadMassLog,DistanceToEquator,DistanceToCoast,AbsoluteLatitude,IsEastCoast,OrbitDifficulty,PayloadOrbitInteraction,PayloadPerFlight,ExperienceReuseInteraction,LandingHardwareScore,BlockReuseInteraction,LandingPadUsed,PayloadMassOutlier,IsolationForestOutlier
1,2010-06-04,Falcon 9,6123.547647058824,LEO,CCSFS SLC 40,None None,1,0,0,0,,1.0,0,B0003,-80.577366,28.5618571,0,2010,6,2,4,155,22,0,0,1,0,1,0.5,0.0,0-200,0.5,0.5,0.5,0.5,0.5,0.5,Medium,2,1.2525182217331443,8.720060179144204,3175.933605066869,0.5,28.5618571,1,1,6123.547647058824,6123.547647058824,0,0,1.0,0,0,1
2,2012-05-22,Falcon 9,525.0,LEO,CCSFS SLC 40,None None,1,0,0,0,,1.0,0,B0005,-80.577366,28.5618571,0,2012,5,2,1,143,21,718,0,2,0,1,0.5,1.0,0-200,0.0,0.0,0.0,0.0,0.0,0.0,Light,1,0.28763351967550244,6.26530121273771,3175.933605066869,0.5,28.5618571,1,1,525.0,525.0,0,0,1.0,0,0,0
3,2013-03-01,Falcon 9,677.0,ISS,CCSFS SLC 40,None None,1,0,0,0,,1.0,0,B0007,-80.577366,28.5618571,0,2013,3,1,4,60,9,1001,0,3,0,1,0.5,2.0,0-200,0.0,0.0,0.0,0.5,0.0,0.5,Light,1,0.37091027203869553,6.519147287940395,3175.933605066869,0.5,28.5618571,1,1,677.0,677.0,0,0,1.0,0,0,0
4,2013-09-29,Falcon 9,500.0,PO,VAFB SLC 4E,False Ocean,1,0,0,0,,1.0,0,B1003,-120.610829,34.632093,0,2013,9,3,6,272,39,1213,1,4,0,1,0.5,3.0,0-200,0.5,0.0,0.0,0.5,0.5,0.5,Light,1,0.2739366854052404,6.2166061010848646,3850.913040682536,0.8,34.632093,0,2,1000.0,500.0,0,0,1.0,0,0,0
5,2013-12-03,Falcon 9,3170.0,GTO,CCSFS SLC 40,None None,1,0,0,0,,1.0,0,B1004,-80.577366,28.5618571,0,2013,12,4,1,337,49,1278,0,5,0,1,0.5,4.0,0-200,0.0,0.0,0.0,0.5,0.0,0.5,Medium,2,0.6483958306099102,8.061802274538348,3175.933605066869,0.5,28.5618571,1,3,9510.0,3170.0,0,0,1.0,0,0,0
6,2014-01-06,Falcon 9,3325.0,GTO,CCSFS SLC 40,None None,1,0,0,0,,1.0,0,B1005,-80.577366,28.5618571,0,2014,1,1,0,6,2,1312,0,6,0,1,0.5,5.0,0-200,0.0,0.0,0.0,0.0,0.0,0.0,Medium,2,0.6800997276902054,8.109525659752872,3175.933605066869,0.5,28.5618571,1,3,9975.0,3325.0,0,0,1.0,0,0,0
7,2014-04-18,Falcon 9,2296.0,ISS,CCSFS SLC 40,True Ocean,1,0,0,1,,1.0,0,B1006,-80.577366,28.5618571,1,2014,4,2,4,108,16,1414,0,7,0,1,0.5,6.0,0-200,0.0,0.0,0.0,0.0,0.0,0.0,Light,1,1.257917259380864,7.739359202689098,3175.933605066869,0.5,28.5618571,1,1,2296.0,2296.0,0,1,1.0,0,0,0
8,2014-07-14,Falcon 9,1316.0,LEO,CCSFS SLC 40,True Ocean,1,0,0,1,,1.0,0,B1007,-80.577366,28.5618571,1,2014,7,3,0,195,29,1501,0,8,0,1,0.5,7.0,0-200,0.2,0.2,0.14285714285714285,0.0,0.16666666666666666,0.0,Light,1,0.7210013559865928,7.183111701743281,3175.933605066869,0.5,28.5618571,1,1,1316.0,1316.0,0,1,1.0,0,0,0
9,2014-08-05,Falcon 9,4535.0,GTO,CCSFS SLC 40,None None,1,0,0,0,,1.0,0,B1008,-80.577366,28.5618571,0,2014,8,3,1,217,32,1523,0,9,0,1,0.5,8.0,0-200,0.4,0.4,0.25,0.0,0.2857142857142857,0.0,Medium,2,0.9275946661879946,8.419800845407588,3175.933605066869,0.5,28.5618571,1,3,13605.0,4535.0,0,0,1.0,0,0,0
10,2014-09-07,Falcon 9,4428.0,GTO,CCSFS SLC 40,None None,1,0,0,0,,1.0,0,B1011,-80.577366,28.5618571,0,2014,9,3,6,250,36,1556,1,10,0,1,0.5,9.0,0-200,0.4,0.4,0.2222222222222222,0.0,0.25,0.0,Medium,2,0.9057087501390165,8.395929103923198,3175.933605066869,0.5,28.5618571,1,3,13284.0,4428.0,0,0,1.0,0,0,0
11,2014-09-21,Falcon 9,2216.0,ISS,CCSFS SLC 40,False Ocean,1,0,0,0,,1.0,0,B1010,-80.577366,28.5618571,0,2014,9,3,6,264,38,1570,1,11,0,1,0.5,10.0,0-200,0.4,0.4,0.2,0.5,0.2222222222222222,0.5,Light,1,1.2140873897160256,7.7039102096163115,3175.933605066869,0.5,28.5618571,1,1,2216.0,2216.0,0,0,1.0,0,0,0
12,2015-01-10,Falcon 9,2395.0,ISS,CCSFS SLC 40,False ASDS,1,1,0,1,5e9e3032383ecb761634e7cb,1.0,0,B1012,-80.577366,28.5618571,0,2015,1,1,5,10,2,1681,1,12,0,1,0.5,11.0,0-200,0.4,0.4,0.2,0.3333333333333333,0.2,0.3333333333333333,Light,1,1.3121567230911015,7.78155595923534,3175.933605066869,0.5,28.5618571,1,1,2395.0,2395.0,0,2,1.0,1,0,0
13,2015-02-11,Falcon 9,570.0,ES-L1,CCSFS SLC 40,True Ocean,1,1,0,1,,1.0,0,B1013,-80.577366,28.5618571,1,2015,2,1,2,42,7,1713,0,13,0,1,0.5,12.0,0-200,0.2,0.2,0.2,0.5,0.18181818181818182,0.5,Light,1,0.3122878213619741,6.3473892096560105,3175.933605066869,0.5,28.5618571,1,4,2280.0,570.0,0,2,1.0,0,0,0
14,2015-04-14,Falcon 9,1898.0,ISS,CCSFS SLC 40,False ASDS,1,1,0,1,5e9e3032383ecb761634e7cb,1.0,0,B1015,-80.577366,28.5618571,0,2015,4,2,1,104,16,1775,0,14,0,1,0.5,13.0,0-200,0.2,0.2,0.3,0.25,0.25,0.25,Light,1,1.0398636577982927,7.549082710812286,3175.933605066869,0.5,28.5618571,1,1,1898.0,1898.0,0,2,1.0,1,0,0
15,2015-04-27,Falcon 9,4707.0,GTO,CCSFS SLC 40,None None,1,0,0,0,,1.0,0,B1016,-80.577366,28.5618571,0,2015,4,2,0,117,18,1788,0,15,0,1,0.5,14.0,0-200,0.2,0.2,0.3,0.0,0.23076923076923078,0.0,Medium,2,0.962775764883548,8.457018468380168,3175.933605066869,0.5,28.5618571,1,3,14121.0,4707.0,0,0,1.0,0,0,0
16,2015-06-28,Falcon 9,2477.0,ISS,CCSFS SLC 40,None ASDS,1,1,0,1,5e9e3032383ecb6bb234e7ca,1.0,0,B1018,-80.577366,28.5618571,0,2015,6,2,6,179,26,1850,1,16,0,1,0.5,15.0,0-200,0.2,0.2,0.3,0.2,0.21428571428571427,0.2,Light,1,1.357082339497561,7.815207062189088,3175.933605066869,0.5,28.5618571,1,1,2477.0,2477.0,0,2,1.0,1,0,0
17,2015-12-22,Falcon 9,2034.0,LEO,CCSFS SLC 40,True RTLS,1,1,0,1,5e9e3032383ecb267a34e7c7,1.0,0,B1019,-80.577366,28.5618571,1,2015,12,4,1,356,52,2027,0,17,0,1,0.5,16.0,0-200,0.2,0.2,0.3,0.3333333333333333,0.2,0.3333333333333333,Light,1,1.114374436228518,7.618251097876695,3175.933605066869,0.5,28.5618571,1,1,2034.0,2034.0,0,2,1.0,1,0,0
18,2016-01-17,Falcon 9,553.0,PO,VAFB SLC 4E,False ASDS,1,1,0,1,5e9e3033383ecbb9e534e7cc,1.0,0,B1017,-120.610829,34.632093,0,2016,1,1,6,17,2,2053,1,18,0,1,0.5,17.0,0-200,0.0,0.4,0.3,0.0,0.0,0.0,Light,1,0.3029739740581959,6.317164686747284,3850.913040682536,0.8,34.632093,0,2,1106.0,553.0,0,2,1.0,1,0,0
19,2016-03-04,Falcon 9,5271.0,GTO,CCSFS SLC 40,False ASDS,1,1,0,1,5e9e3032383ecb6bb234e7ca,1.0,0,B1020,-80.577366,28.5618571,0,2016,3,1,4,64,9,2100,0,19,0,1,0.5,18.0,0-200,0.4,0.2,0.2,0.0,0.25,0.0,Medium,2,1.0781370420015257,8.570165076182343,3175.933605066869,0.5,28.5618571,1,3,15813.0,5271.0,0,2,1.0,1,0,0
20,2016-04-08,Falcon 9,3136.0,ISS,CCSFS SLC 40,True ASDS,1,1,0,1,5e9e3032383ecb6bb234e7ca,2.0,1,B1021,-80.577366,28.5618571,1,2016,4,2,4,99,14,2135,0,20,0,1,0.5,0.0,0-200,0.2,0.2,0.2,0.2,0.23529411764705882,0.16666666666666666,Medium,2,0.6414414273793938,8.051022208190679,3175.933605066869,0.5,28.5618571,1,1,3136.0,3136.0,0,2,2.0,1,0,0
21,2016-05-06,Falcon 9,4696.0,GTO,CCSFS SLC 40,True ASDS,1,1,0,1,5e9e3032383ecb6bb234e7ca,2.0,0,B1022,-80.577366,28.5618571,1,2016,5,2,4,127,18,2163,0,21,0,1,0.5,1.0,0-200,0.4,0.4,0.3,0.0,0.2777777777777778,0.0,Medium,2,0.9605258108972045,8.454679286026995,3175.933605066869,0.5,28.5618571,1,3,14088.0,4696.0,0,2,2.0,1,0,0
22,2016-05-27,Falcon 9,3100.0,GTO,CCSFS SLC 40,True ASDS,1,1,0,1,5e9e3032383ecb6bb234e7ca,2.0,1,B1023,-80.577366,28.5618571,1,2016,5,2,4,148,21,2184,0,22,0,1,0.5,2.0,0-200,0.6,0.6,0.4,0.2,0.3157894736842105,0.14285714285714285,Medium,2,0.6340779416059059,8.03947991910045,3175.933605066869,0.5,28.5618571,1,3,9300.0,3100.0,0,2,2.0,1,0,0
23,2016-07-18,Falcon 9,2257.0,ISS,CCSFS SLC 40,True RTLS,1,1,0,1,5e9e3032383ecb267a34e7c7,2.0,1,B1025,-80.577366,28.5618571,1,2016,7,3,0,200,29,2236,0,23,0,1,0.5,3.0,0-200,0.8,0.6,0.5,0.2,0.35,0.2857142857142857,Light,1,1.2365501979192552,7.722234744709607,3175.933605066869,0.5,28.5618571,1,1,2257.0,2257.0,0,2,2.0,1,0,0
24,2016-08-14,Falcon 9,4600.0,GTO,CCSFS SLC 40,True ASDS,1,1,0,1,5e9e3032383ecb6bb234e7ca,2.0,0,B1026,-80.577366,28.5618571,1,2016,8,3,6,227,32,2263,1,24,0,1,0.5,4.0,0-200,0.8,0.8,0.5,0.4,0.38095238095238093,0.25,Medium,2,0.9408898488345699,8.434028950155469,3175.933605066869,0.5,28.5618571,1,3,13800.0,4600.0,0,2,2.0,1,0,0
25,2016-09-01,Falcon 9,5500.0,GTO,CCSFS SLC 40,None ASDS,1,1,0,1,5e9e3032383ecb6bb234e7ca,3.0,0,B1028,-80.577366,28.5618571,0,2016,9,3,3,245,35,2281,0,25,0,1,0.5,0.0,0-200,1.0,1.0,0.6,0.6,0.4090909090909091,0.3333333333333333,Medium,2,1.1249769931717684,8.612685172875459,3175.933605066869,0.5,28.5618571,1,3,16500.0,5500.0,0,2,3.0,1,0,0
26,2017-01-14,Falcon 9,9600.0,PO,VAFB SLC 4E,True ASDS,1,1,0,1,5e9e3033383ecbb9e534e7cc,3.0,1,B1029,-120.610829,34.632093,1,2017,1,1,5,14,2,2416,1,26,0,1,0.5,1.0,0-200,0.0,0.8,0.6,0.0,0.0,0.0,Heavy,3,1.0565589196685046,9.169622538697624,3850.913040682536,0.8,34.632093,0,2,19200.0,9600.0,0,2,3.0,1,0,0
27,2017-02-19,Falcon 9,2490.0,ISS,KSC LC 39A,True RTLS,1,1,0,1,5e9e3032383ecb267a34e7c7,3.0,1,B1031,-80.6039558,28.6080585,1,2017,2,1,6,50,7,2452,1,27,0,1,0.5,2.0,0-200,0.5,0.8,0.7,0.4,0.5,0.375,Light,1,1.3642046933180974,7.820439515262181,3181.070966350745,3.88,28.6080585,1,1,2490.0,2490.0,0,2,3.0,1,0,0
28,2017-03-16,Falcon 9,5600.0,GTO,KSC LC 39A,None None,1,0,0,0,,3.0,0,B1030,-80.6039558,28.6080585,0,2017,3,1,3,75,11,2477,0,28,0,1,0.5,3.0,0-200,1.0,0.8,0.7,0.6,1.0,0.3,Medium,2,1.145431120320346,8.630700432209832,3181.070966350745,3.88,28.6080585,1,3,16800.0,5600.0,0,0,3.0,0,0,0
29,2017-03-30,Falcon 9,5300.0,GTO,KSC LC 39A,True ASDS,2,1,1,1,5e9e3032383ecb6bb234e7ca,2.0,1,B1021,-80.6039558,28.6080585,1,2017,3,1,3,89,13,2491,0,29,356,2,1.0,5.0,400-600,0.5,0.6,0.7,0.6,0.5,0.2727272727272727,Medium,2,1.0840687388746133,8.575650760987806,3181.070966350745,3.88,28.6080585,1,3,15900.0,2650.0,29,2,4.0,1,0,1
30,2017-05-01,Falcon 9,6123.547647058824,LEO,KSC LC 39A,True RTLS,1,1,0,1,5e9e3032383ecb267a34e7c7,3.0,1,B1032,-80.6039558,28.6080585,1,2017,5,2,0,121,18,2523,0,30,0,1,0.5,4.0,0-200,0.6666666666666666,0.6,0.8,0.5,0.6666666666666666,0.5,Medium,2,1.2525182217331443,8.720060179144204,3181.070966350745,3.88,28.6080585,1,1,6123.547647058824,6123.547647058824,0,2,3.0,1,0,0
31,2017-05-15,Falcon 9,6070.0,GTO,KSC LC 39A,None None,1,0,0,0,,3.0,0,B1034,-80.6039558,28.6080585,0,2017,5,2,0,135,20,2537,0,31,0,1,0.5,5.0,0-200,0.75,0.8,0.8,0.6,0.75,0.3333333333333333,Medium,2,1.2415655179186609,8.711278615130434,3181.070966350745,3.88,28.6080585,1,3,18210.0,6070.0,0,0,3.0,0,0,0
32,2017-06-03,Falcon 9,2708.0,ISS,KSC LC 39A,True RTLS,1,1,0,1,5e9e3032383ecb267a34e7c7,3.0,1,B1035,-80.6039558,28.6080585,1,2017,6,2,5,154,22,2556,1,32,0,1,0.5,6.0,0-200,0.6,0.6,0.7,0.6,0.6,0.4444444444444444,Light,1,1.4836410881547821,7.904334842085095,3181.070966350745,3.88,28.6080585,1,1,2708.0,2708.0,0,2,3.0,1,0,0
33,2017-06-23,Falcon 9,3669.0,GTO,KSC LC 39A,True ASDS,2,1,1,1,5e9e3032383ecb6bb234e7ca,3.0,1,B1029,-80.6039558,28.6080585,1,2017,6,2,4,174,25,2576,0,33,160,2,1.0,7.0,200-400,0.6,0.6,0.7,0.4,0.6666666666666666,0.3076923076923077,Medium,2,0.7504619250813125,8.207946941048617,3181.070966350745,3.88,28.6080585,1,3,11007.0,1834.5,33,2,6.0,1,0,0
34,2017-06-25,Falcon 9,9600.0,PO,VAFB SLC 4E,True ASDS,1,1,0,1,5e9e3033383ecbb9e534e7cc,3.0,1,B1036,-120.610829,34.632093,1,2017,6,2,6,176,25,2578,1,34,0,1,0.5,8.0,0-200,0.3333333333333333,0.8,0.7,0.3333333333333333,0.3333333333333333,0.3333333333333333,Heavy,3,1.0565589196685046,9.169622538697624,3850.913040682536,0.8,34.632093,0,2,19200.0,9600.0,0,2,3.0,1,0,0
35,2017-07-05,Falcon 9,6761.0,GTO,KSC LC 39A,None None,1,0,0,0,,3.0,0,B1037,-80.6039558,28.6080585,0,2017,7,3,2,186,27,2588,0,35,0,1,0.5,9.0,0-200,0.8,0.8,0.7,0.4,0.7142857142857143,0.35714285714285715,Medium,2,1.3829035365153322,8.819073983267831,3181.070966350745,3.88,28.6080585,1,3,20283.0,6761.0,0,0,3.0,0,0,0
36,2017-08-14,Falcon 9,2910.0,ISS,KSC LC 39A,True RTLS,1,1,0,1,5e9e3032383ecb267a34e7c7,4.0,1,B1039,-80.6039558,28.6080585,1,2017,8,3,0,226,33,2628,0,36,0,1,0.5,0.0,0-200,0.6,0.6,0.7,0.8,0.625,0.5,Light,1,1.5943115090584992,7.976251943745623,3181.070966350745,3.88,28.6080585,1,1,2910.0,2910.0,0,2,4.0,1,0,0
37,2017-08-24,Falcon 9,475.0,SSO,VAFB SLC 4E,True ASDS,1,1,0,1,5e9e3033383ecbb9e534e7cc,3.0,1,B1038,-120.610829,34.632093,1,2017,8,3,3,236,34,2638,0,37,0,1,0.5,10.0,0-200,0.5,0.8,0.7,0.5,0.5,0.5,Light,1,0.2602398511349784,6.16541785423142,3850.913040682536,0.8,34.632093,0,2,950.0,475.0,0,2,3.0,1,0,0
38,2017-09-07,Falcon 9,4990.0,LEO,KSC LC 39A,True RTLS,1,1,0,1,5e9e3032383ecb267a34e7c7,4.0,1,B1040,-80.6039558,28.6080585,1,2017,9,3,3,250,36,2652,0,38,0,1,0.5,1.0,0-200,0.6,0.8,0.7,0.6,0.6666666666666666,0.6,Medium,2,1.0206609447140227,8.515391569469609,3181.070966350745,3.88,28.6080585,1,1,4990.0,4990.0,0,2,4.0,1,0,0
39,2017-10-09,Falcon 9,9600.0,PO,VAFB SLC 4E,True ASDS,1,1,0,1,5e9e3033383ecbb9e534e7cc,4.0,1,B1041,-120.610829,34.632093,1,2017,10,4,0,282,41,2684,0,39,0,1,0.5,2.0,0-200,0.6,0.8,0.8,0.5,0.6,0.5,Heavy,3,1.0565589196685046,9.169622538697624,3850.913040682536,0.8,34.632093,0,2,19200.0,9600.0,0,2,4.0,1,0,0
40,2017-10-11,Falcon 9,5200.0,GTO,KSC LC 39A,True ASDS,2,1,1,1,5e9e3032383ecb6bb234e7ca,3.0,1,B1031,-80.6039558,28.6080585,1,2017,10,4,2,284,41,2686,0,40,234,2,1.0,11.0,200-400,0.8,0.8,0.8,0.4,0.7,0.3333333333333333,Medium,2,1.0636146117260357,8.556606193773073,3181.070966350745,3.88,28.6080585,1,3,15600.0,2600.0,40,2,6.0,1,0,0
41,2017-10-30,Falcon 9,3700.0,GTO,KSC LC 39A,True ASDS,1,1,0,1,5e9e3032383ecb6bb234e7ca,4.0,0,B1042,-80.6039558,28.6080585,1,2017,10,4,0,303,44,2705,0,41,0,1,0.5,3.0,0-200,0.8,1.0,0.8,0.6,0.7272727272727273,0.375,Medium,2,0.7568027044973715,8.216358332386156,3181.070966350745,3.88,28.6080585,1,3,11100.0,3700.0,0,2,4.0,1,0,0
42,2017-12-15,Falcon 9,2205.0,ISS,CCSFS SLC 40,True RTLS,2,1,1,1,5e9e3032383ecb267a34e7c7,3.0,1,B1035,-80.577366,28.5618571,1,2017,12,4,4,349,50,2751,0,42,195,2,1.0,12.0,200-400,0.8,1.0,0.9,1.0,0.391304347826087,0.5454545454545454,Light,1,1.2080607826371101,7.698936199813447,3175.933605066869,0.5,28.5618571,1,1,2205.0,1102.5,42,2,6.0,1,0,0
43,2017-12-23,Falcon 9,9600.0,PO,VAFB SLC 4E,True Ocean,2,1,1,0,,3.0,1,B1036,-120.610829,34.632093,1,2017,12,4,5,357,51,2759,1,43,181,2,1.0,13.0,200-400,0.8,1.0,0.9,0.6,0.6666666666666666,0.6,Heavy,3,1.0565589196685046,9.169622538697624,3850.913040682536,0.8,34.632093,0,2,19200.0,4800.0,43,1,6.0,0,0,0
44,2018-01-08,Falcon 9,6123.547647058824,LEO,CCSFS SLC 40,True RTLS,1,1,0,1,5e9e3032383ecb267a34e7c7,4.0,1,B1043,-80.577366,28.5618571,1,2018,1,1,0,8,2,2775,0,44,0,1,0.5,4.0,0-200,0.8,1.0,0.9,0.8,0.4166666666666667,0.6666666666666666,Medium,2,1.2525182217331443,8.720060179144204,3175.933605066869,0.5,28.5618571,1,1,6123.547647058824,6123.547647058824,0,2,4.0,1,0,0
45,2018-01-31,Falcon 9,4230.0,GTO,CCSFS SLC 40,True Ocean,2,1,1,1,,3.0,1,B1032,-80.577366,28.5618571,1,2018,1,1,2,31,5,2798,0,45,275,2,1.0,14.0,200-400,0.8,1.0,0.9,0.6,0.44,0.4117647058823529,Medium,2,0.8652095783848328,8.350193650720067,3175.933605066869,0.5,28.5618571,1,3,12690.0,2115.0,45,2,6.0,0,0,0
46,2018-03-06,Falcon 9,6092.0,GTO,CCSFS SLC 40,None None,1,1,0,1,,4.0,0,B1044,-80.577366,28.5618571,0,2018,3,1,1,65,10,2832,0,46,0,1,0.5,5.0,0-200,0.8,1.0,1.0,0.8,0.46153846153846156,0.4444444444444444,Medium,2,1.246065425891348,8.714895850248494,3175.933605066869,0.5,28.5618571,1,3,18276.0,6092.0,0,2,4.0,0,0,0
47,2018-03-30,Falcon 9,9600.0,PO,VAFB SLC 4E,None None,2,1,1,1,,4.0,1,B1041,-120.610829,34.632093,0,2018,3,1,4,89,13,2856,0,47,172,2,1.0,6.0,200-400,1.0,0.8,0.9,0.8,0.7142857142857143,0.6666666666666666,Heavy,3,1.0565589196685046,9.169622538697624,3850.913040682536,0.8,34.632093,0,2,19200.0,4800.0,47,2,8.0,0,0,0
48,2018-04-02,Falcon 9,2760.0,ISS,CCSFS SLC 40,None None,2,1,1,1,,4.0,1,B1039,-80.577366,28.5618571,0,2018,4,2,0,92,14,2859,0,48,231,2,1.0,7.0,200-400,0.6,0.6,0.8,1.0,0.4444444444444444,0.5833333333333334,Light,1,1.512130503436927,7.923348211930154,3175.933605066869,0.5,28.5618571,1,1,2760.0,1380.0,48,2,8.0,0,0,0
49,2018-04-18,Falcon 9,350.0,HEO,CCSFS SLC 40,True ASDS,1,1,0,1,5e9e3032383ecb6bb234e7ca,4.0,1,B1045,-80.577366,28.5618571,1,2018,4,2,2,108,16,2875,0,49,0,1,0.5,8.0,0-200,0.6,0.4,0.7,0.5,0.42857142857142855,0.5,Light,1,0.19175567978366828,5.860786223465865,3175.933605066869,0.5,28.5618571,1,4,1400.0,350.0,0,2,4.0,1,0,0
50,2018-05-11,Falcon 9,3750.0,GTO,KSC LC 39A,True ASDS,1,1,0,1,5e9e3032383ecb6bb234e7ca,5.0,3,B1046,-80.6039558,28.6080585,1,2018,5,2,4,131,19,2898,0,50,0,1,0.5,0.0,0-200,0.8,0.4,0.7,0.6,0.75,0.42105263157894735,Medium,2,0.7670297680716603,8.229777750081887,3181.070966350745,3.88,28.6080585,1,3,11250.0,3750.0,0,2,5.0,1,0,0
51,2018-06-04,Falcon 9,5383.85,GTO,CCSFS SLC 40,None None,2,0,1,0,,4.0,1,B1040,-80.577366,28.5618571,0,2018,6,2,0,155,23,2922,0,51,270,2,1.0,9.0,200-400,0.6,0.4,0.7,0.8,0.4482758620689655,0.45,Medium,2,1.1012195244886958,8.591344734049324,3175.933605066869,0.5,28.5618571,1,3,16151.550000000001,2691.925,51,0,8.0,0,0,0
52,2018-06-29,Falcon 9,2410.0,ISS,CCSFS SLC 40,None None,2,0,1,0,,4.0,1,B1045,-80.577366,28.5618571,0,2018,6,2,4,180,26,2947,0,52,72,2,1.0,10.0,0-200,0.4,0.4,0.6,0.8,0.43333333333333335,0.5384615384615384,Light,1,1.3203748236532589,7.787796878181171,3175.933605066869,0.5,28.5618571,1,1,2410.0,1205.0,52,0,8.0,0,0,0
53,2018-07-22,Falcon 9,7076.0,GTO,CCSFS SLC 40,True ASDS,1,1,0,1,5e9e3032383ecb6bb234e7ca,5.0,2,B1047,-80.577366,28.5618571,1,2018,7,3,6,203,29,2970,1,53,0,1,0.5,1.0,0-200,0.2,0.4,0.5,0.6,0.41935483870967744,0.42857142857142855,Heavy,3,0.7787719703723269,8.864605368075784,3175.933605066869,0.5,28.5618571,1,3,21228.0,7076.0,0,2,5.0,1,0,0
54,2018-07-25,Falcon 9,9600.0,PO,VAFB SLC 4E,True ASDS,1,1,0,1,5e9e3033383ecbb9e534e7cc,5.0,4,B1048,-120.610829,34.632093,1,2018,7,3,2,206,30,2973,0,54,0,1,0.5,2.0,0-200,0.8,0.6,0.5,0.8,0.625,0.5714285714285714,Heavy,3,1.0565589196685046,9.169622538697624,3850.913040682536,0.8,34.632093,0,2,19200.0,9600.0,0,2,5.0,1,0,0
55,2018-08-07,Falcon 9,5800.0,GTO,CCSFS SLC 40,True ASDS,2,1,1,1,5e9e3032383ecb6bb234e7ca,5.0,3,B1046,-80.577366,28.5618571,1,2018,8,3,1,219,32,2986,0,55,88,2,1.0,3.0,0-200,0.4,0.6,0.5,0.6,0.4375,0.45454545454545453,Medium,2,1.1863393746175013,8.665785595466064,3175.933605066869,0.5,28.5618571,1,3,17400.0,2900.0,55,2,10.0,1,0,0
56,2018-09-10,Falcon 9,7060.0,GTO,CCSFS SLC 40,True ASDS,1,1,0,1,5e9e3032383ecb6bb234e7ca,5.0,9,B1049,-80.577366,28.5618571,1,2018,9,3,0,253,37,3020,0,56,0,1,0.5,4.0,0-200,0.6,0.6,0.5,0.6,0.45454545454545453,0.4782608695652174,Heavy,3,0.7770110388395461,8.862341963516347,3175.933605066869,0.5,28.5618571,1,3,21180.0,7060.0,0,2,5.0,1,0,0
57,2018-10-08,Falcon 9,2800.0,SSO,VAFB SLC 4E,True RTLS,2,1,1,1,5e9e3032383ecb554034e7c9,5.0,4,B1048,-120.610829,34.632093,1,2018,10,4,0,281,41,3048,0,57,75,2,1.0,5.0,0-200,0.8,0.8,0.6,1.0,0.6666666666666666,1.0,Light,1,1.5340454382693463,7.937731775260109,3850.913040682536,0.8,34.632093,0,2,5600.0,1400.0,57,2,10.0,1,0,0
58,2018-11-15,Falcon 9,3000.0,GTO,KSC LC 39A,True ASDS,2,1,1,1,5e9e3032383ecb6bb234e7ca,5.0,2,B1047,-80.6039558,28.6080585,1,2018,11,4,3,319,46,3086,0,58,116,2,1.0,6.0,0-200,1.0,1.0,0.7,0.8,0.7692307692307693,0.5,Medium,2,0.6136238144573283,8.006700845440367,3181.070966350745,3.88,28.6080585,1,3,9000.0,1500.0,58,2,10.0,1,0,0
59,2018-12-03,Falcon 9,4000.0,SSO,VAFB SLC 4E,True ASDS,3,1,1,1,5e9e3033383ecbb9e534e7cc,5.0,3,B1046,-120.610829,34.632093,1,2018,12,4,0,337,49,3104,0,59,206,3,1.0,7.0,200-400,0.8,1.0,0.8,1.0,0.7,1.0,Medium,2,0.8181650859431043,8.294299608857235,3850.913040682536,0.8,34.632093,0,2,8000.0,1333.3333333333333,59,2,10.0,1,0,0
60,2018-12-05,Falcon 9,2573.0,ISS,CCSFS SLC 40,False RTLS,1,1,0,1,5e9e3032383ecb267a34e7c7,5.0,0,B1050,-80.577366,28.5618571,0,2018,12,4,2,339,49,3106,0,60,0,1,0.5,8.0,0-200,0.6,1.0,0.8,0.6,0.47058823529411764,0.5,Light,1,1.4096781830953673,7.853216388156072,3175.933605066869,0.5,28.5618571,1,1,2573.0,2573.0,0,2,5.0,1,0,0
61,2018-12-23,Falcon 9,4400.0,MEO,CCSFS SLC 40,None None,1,0,0,0,,5.0,0,B1054,-80.577366,28.5618571,0,2018,12,4,6,357,51,3124,1,61,0,1,0.5,9.0,0-200,0.6,0.8,0.7,0.5,0.45714285714285713,0.5,Medium,2,0.8999815945374148,8.38958706681109,3175.933605066869,0.5,28.5618571,1,3,13200.0,4400.0,0,0,5.0,0,0,0
62,2019-01-11,Falcon 9,9600.0,PO,VAFB SLC 4E,True ASDS,2,1,1,1,5e9e3033383ecbb9e534e7cc,5.0,9,B1049,-120.610829,34.632093,1,2019,1,1,4,11,2,3143,0,62,123,2,1.0,10.0,0-200,0.8,0.6,0.7,0.8,0.7272727272727273,0.625,Heavy,3,1.0565589196685046,9.169622538697624,3850.913040682536,0.8,34.632093,0,2,19200.0,4800.0,62,2,10.0,1,0,0
63,2019-03-02,Falcon 9,12259.0,ISS,KSC LC 39A,True ASDS,1,1,0,1,5e9e3032383ecb6bb234e7ca,5.0,12,B1051,-80.6039558,28.6080585,1,2019,3,1,5,61,9,3193,1,63,0,1,0.5,11.0,0-200,1.0,0.6,0.8,0.4,0.7857142857142857,0.4666666666666667,SuperHeavy,4,0.8055980268028862,9.414097209490203,3181.070966350745,3.88,28.6080585,1,1,12259.0,12259.0,0,2,5.0,1,0,0
64,2019-05-04,Falcon 9,2482.0,ISS,CCSFS SLC 40,True ASDS,1,1,0,1,5e9e3032383ecb6bb234e7ca,5.0,3,B1056,-80.577366,28.5618571,1,2019,5,2,5,124,18,3256,1,64,0,1,0.5,12.0,0-200,0.6,0.6,0.8,0.4,0.4444444444444444,0.5,Light,1,1.3598217063516134,7.817222785508166,3175.933605066869,0.5,28.5618571,1,1,2482.0,2482.0,0,2,5.0,1,0,0
65,2019-05-24,Falcon 9,13200.0,VLEO,CCSFS SLC 40,True ASDS,3,1,1,1,5e9e3032383ecb6bb234e7ca,5.0,9,B1049,-80.577366,28.5618571,1,2019,5,2,4,144,21,3276,0,65,256,3,1.0,13.0,200-400,0.6,0.6,0.8,0.5,0.4594594594594595,0.5,SuperHeavy,4,0.8674356761398236,9.488047863280759,3175.933605066869,0.5,28.5618571,1,1,13200.0,4400.0,65,2,10.0,1,0,0
66,2019-06-12,Falcon 9,1425.0,SSO,VAFB SLC 4E,True RTLS,2,1,1,1,5e9e3032383ecb554034e7c9,5.0,12,B1051,-120.610829,34.632093,1,2019,6,2,2,163,24,3295,0,66,102,2,1.0,14.0,0-200,0.8,0.8,0.8,1.0,0.75,1.0,Light,1,0.7807195534049352,7.262628600974241,3850.913040682536,0.8,34.632093,0,2,2850.0,712.5,66,2,10.0,1,0,0
67,2019-07-25,Falcon 9,2227.7,ISS,CCSFS SLC 40,True RTLS,2,1,1,1,5e9e3032383ecb267a34e7c7,5.0,3,B1056,-80.577366,28.5618571,1,2019,7,3,3,206,30,3338,0,67,82,2,1.0,15.0,0-200,0.6,1.0,0.8,0.4,0.47368421052631576,0.5294117647058824,Light,1,1.220497508154508,7.70917373482587,3175.933605066869,0.5,28.5618571,1,1,2227.7,1113.85,67,2,10.0,1,0,0
68,2019-08-06,Falcon 9,6500.0,GTO,CCSFS SLC 40,None None,3,0,1,0,,5.0,2,B1047,-80.577366,28.5618571,0,2019,8,3,1,218,32,3350,0,68,380,3,1.0,16.0,400-600,0.6,1.0,0.8,0.8,0.48717948717948717,0.52,Medium,2,1.3295182646575445,8.77971129020447,3175.933605066869,0.5,28.5618571,1,3,19500.0,2166.6666666666665,68,0,10.0,0,0,0
69,2019-11-11,Falcon 9,15600.0,VLEO,CCSFS SLC 40,True ASDS,4,1,1,1,5e9e3032383ecb6bb234e7ca,5.0,4,B1048,-80.577366,28.5618571,1,2019,11,4,0,315,46,3447,0,69,474,3,1.0,17.0,600-800,0.6,0.8,0.7,1.0,0.475,1.0,SuperHeavy,4,1.0251512536197915,9.65509029374725,3175.933605066869,0.5,28.5618571,1,1,15600.0,3900.0,69,2,10.0,1,0,0
70,2019-12-05,Falcon 9,5000.0,ISS,CCSFS SLC 40,True ASDS,1,1,0,1,5e9e3032383ecb6bb234e7ca,5.0,5,B1059,-80.577366,28.5618571,1,2019,12,4,3,339,49,3471,0,70,0,1,0.5,18.0,0-200,0.8,0.8,0.7,0.6,0.4878048780487805,0.5555555555555556,Medium,2,1.0227063574288804,8.517393171418904,3175.933605066869,0.5,28.5618571,1,1,5000.0,5000.0,0,2,5.0,1,0,0
71,2019-12-17,Falcon 9,6800.0,GTO,CCSFS SLC 40,True ASDS,3,1,1,1,5e9e3032383ecb6bb234e7ca,5.0,3,B1056,-80.577366,28.5618571,1,2019,12,4,1,351,51,3483,0,71,227,3,1.0,19.0,200-400,0.8,0.8,0.8,0.8,0.5,0.5,Medium,2,1.3908806461032774,8.824824939175638,3175.933605066869,0.5,28.5618571,1,3,20400.0,2266.6666666666665,71,2,10.0,1,0,0
72,2020-01-07,Falcon 9,15600.0,VLEO,CCSFS SLC 40,True ASDS,4,1,1,1,5e9e3032383ecb6bb234e7ca,5.0,9,B1049,-80.577366,28.5618571,1,2020,1,1,1,7,2,3504,0,72,484,4,1.0,20.0,600-800,0.8,0.8,0.9,1.0,0.5116279069767442,1.0,SuperHeavy,4,1.0251512536197915,9.65509029374725,3175.933605066869,0.5,28.5618571,1,1,15600.0,3900.0,72,2,10.0,1,0,0
73,2020-01-19,Falcon 9,6123.547647058824,SO,KSC LC 39A,None None,4,0,1,0,,5.0,3,B1046,-80.6039558,28.6080585,0,2020,1,1,6,19,3,3516,1,73,618,4,1.0,21.0,800+,1.0,0.8,0.9,0.5,0.8,0.5,Medium,2,1.2525182217331443,8.720060179144204,3181.070966350745,3.88,28.6080585,1,4,24494.190588235295,1530.886911764706,73,0,10.0,0,0,1
74,2020-01-29,Falcon 9,15600.0,VLEO,CCSFS SLC 40,True ASDS,3,1,1,1,5e9e3032383ecb6bb234e7ca,5.0,12,B1051,-80.577366,28.5618571,1,2020,1,1,2,29,5,3526,0,74,333,3,1.0,22.0,400-600,0.8,0.8,0.8,1.0,0.5227272727272727,1.0,SuperHeavy,4,1.0251512536197915,9.65509029374725,3175.933605066869,0.5,28.5618571,1,1,15600.0,5200.0,74,2,10.0,1,0,0
75,2020-02-17,Falcon 9,15600.0,VLEO,CCSFS SLC 40,False ASDS,4,1,1,1,5e9e3032383ecb6bb234e7ca,5.0,3,B1056,-80.577366,28.5618571,0,2020,2,1,0,48,8,3545,0,75,289,4,1.0,23.0,400-600,1.0,0.8,0.8,1.0,0.5333333333333333,1.0,SuperHeavy,4,1.0251512536197915,9.65509029374725,3175.933605066869,0.5,28.5618571,1,1,15600.0,3900.0,75,2,10.0,1,0,0
76,2020-03-07,Falcon 9,1977.0,ISS,CCSFS SLC 40,True RTLS,2,1,1,1,5e9e3032383ecb267a34e7c7,5.0,5,B1059,-80.577366,28.5618571,1,2020,3,1,5,67,10,3564,1,76,93,2,1.0,24.0,0-200,0.8,0.6,0.7,0.8,0.5217391304347826,0.5789473684210527,Light,1,1.0831456540923206,7.589841512182657,3175.933605066869,0.5,28.5618571,1,1,1977.0,988.5,76,2,10.0,1,0,0
77,2020-03-18,Falcon 9,15600.0,VLEO,KSC LC 39A,False ASDS,5,1,1,1,5e9e3032383ecb6bb234e7ca,5.0,4,B1048,-80.6039558,28.6080585,0,2020,3,1,2,78,12,3575,0,77,602,4,1.0,25.0,800+,0.8,0.6,0.7,0.8,0.75,0.8,SuperHeavy,4,1.0251512536197915,9.65509029374725,3181.070966350745,3.88,28.6080585,1,1,15600.0,3120.0,77,2,10.0,1,0,1
78,2020-04-22,Falcon 9,15600.0,VLEO,KSC LC 39A,True ASDS,4,1,1,1,5e9e3032383ecb6bb234e7ca,5.0,12,B1051,-80.6039558,28.6080585,1,2020,4,2,2,113,17,3610,0,78,417,4,1.0,26.0,400-600,0.6,0.4,0.6,0.6,0.7058823529411765,0.6666666666666666,SuperHeavy,4,1.0251512536197915,9.65509029374725,3181.070966350745,3.88,28.6080585,1,1,15600.0,3900.0,78,2,10.0,1,0,0
79,2020-05-30,Falcon 9,9525.0,ISS,KSC LC 39A,True ASDS,1,1,0,1,5e9e3032383ecb6bb234e7ca,5.0,13,B1058,-80.6039558,28.6080585,1,2020,5,2,5,151,22,3648,1,79,0,1,0.5,27.0,0-200,0.6,0.6,0.7,1.0,0.7222222222222222,0.6,Heavy,3,1.0483045531085944,9.161780181360806,3181.070966350745,3.88,28.6080585,1,1,9525.0,9525.0,0,2,5.0,1,0,0
80,2020-06-04,Falcon 9,15600.0,VLEO,CCSFS SLC 40,True ASDS,5,1,1,1,5e9e3033383ecbb9e534e7cc,5.0,9,B1049,-80.577366,28.5618571,1,2020,6,2,3,156,23,3653,0,80,633,5,1.0,28.0,800+,0.8,0.6,0.7,0.6,0.5319148936170213,0.7142857142857143,SuperHeavy,4,1.0251512536197915,9.65509029374725,3175.933605066869,0.5,28.5618571,1,1,15600.0,3120.0,80,2,10.0,1,0,1
81,2020-06-13,Falcon 9,15600.0,VLEO,CCSFS SLC 40,True ASDS,3,1,1,1,5e9e3032383ecb6bb234e7ca,5.0,5,B1059,-80.577366,28.5618571,1,2020,6,2,5,165,24,3662,1,81,191,3,1.0,29.0,200-400,0.8,0.8,0.7,0.6,0.5416666666666666,0.75,SuperHeavy,4,1.0251512536197915,9.65509029374725,3175.933605066869,0.5,28.5618571,1,1,15600.0,5200.0,81,2,10.0,1,0,0
82,2020-06-30,Falcon 9,3880.0,MEO,CCSFS SLC 40,True ASDS,1,1,0,1,5e9e3033383ecbb9e534e7cc,5.0,12,B1060,-80.577366,28.5618571,1,2020,6,2,1,182,27,3679,0,82,0,1,0.5,30.0,0-200,0.8,0.8,0.7,0.0,0.5510204081632653,0.0,Medium,2,0.7936201333648112,8.263848131368906,3175.933605066869,0.5,28.5618571,1,3,11640.0,3880.0,0,2,5.0,1,0,0
83,2020-07-20,Falcon 9,6123.547647058824,GEO,CCSFS SLC 40,True ASDS,2,1,1,1,5e9e3033383ecbb9e534e7cc,5.0,13,B1058,-80.577366,28.5618571,1,2020,7,3,0,202,30,3699,0,83,51,2,1.0,31.0,0-200,0.8,1.0,0.7,0.5,0.56,0.5,Medium,2,1.2525182217331443,8.720060179144204,3175.933605066869,0.5,28.5618571,1,4,24494.190588235295,3061.773823529412,83,2,10.0,1,0,0
84,2020-08-18,Falcon 9,15600.0,VLEO,CCSFS SLC 40,True ASDS,6,1,1,1,5e9e3032383ecb6bb234e7ca,5.0,9,B1049,-80.577366,28.5618571,1,2020,8,3,1,231,34,3728,0,84,708,6,1.0,32.0,800+,1.0,1.0,0.8,0.6,0.5686274509803921,0.7777777777777778,SuperHeavy,4,1.0251512536197915,9.65509029374725,3175.933605066869,0.5,28.5618571,1,1,15600.0,2600.0,84,2,10.0,1,0,1
85,2020-08-30,Falcon 9,1600.0,SSO,CCSFS SLC 40,True RTLS,4,1,1,1,5e9e3032383ecb267a34e7c7,5.0,5,B1059,-80.577366,28.5618571,1,2020,8,3,6,243,35,3740,1,85,269,4,1.0,33.0,200-400,1.0,1.0,0.8,1.0,0.5769230769230769,1.0,Light,1,0.8765973932967693,7.3783837129967145,3175.933605066869,0.5,28.5618571,1,2,3200.0,400.0,85,2,10.0,1,0,1
86,2020-09-03,Falcon 9,15600.0,VLEO,KSC LC 39A,True ASDS,2,1,1,1,5e9e3032383ecb6bb234e7ca,5.0,12,B1060,-80.6039558,28.6080585,1,2020,9,3,3,247,36,3744,0,86,65,2,1.0,34.0,0-200,0.6,1.0,0.9,0.8,0.7368421052631579,0.8,SuperHeavy,4,1.0251512536197915,9.65509029374725,3181.070966350745,3.88,28.6080585,1,1,15600.0,7800.0,86,2,10.0,1,0,1
87,2020-10-06,Falcon 9,15600.0,VLEO,KSC LC 39A,True ASDS,3,1,1,1,5e9e3032383ecb6bb234e7ca,5.0,13,B1058,-80.6039558,28.6080585,1,2020,10,4,1,280,41,3777,0,87,129,3,1.0,35.0,0-200,0.6,1.0,0.9,1.0,0.75,0.8181818181818182,SuperHeavy,4,1.0251512536197915,9.65509029374725,3181.070966350745,3.88,28.6080585,1,1,15600.0,5200.0,87,2,10.0,1,0,0
88,2020-10-18,Falcon 9,15600.0,VLEO,KSC LC 39A,True ASDS,6,1,1,1,5e9e3032383ecb6bb234e7ca,5.0,12,B1051,-80.6039558,28.6080585,1,2020,10,4,6,292,42,3789,1,88,596,5,1.0,36.0,800+,0.8,1.0,1.0,1.0,0.7619047619047619,0.8333333333333334,SuperHeavy,4,1.0251512536197915,9.65509029374725,3181.070966350745,3.88,28.6080585,1,1,15600.0,2600.0,88,2,10.0,1,0,1
89,2020-10-24,Falcon 9,15600.0,VLEO,CCSFS SLC 40,True ASDS,3,1,1,1,5e9e3033383ecbb9e534e7cc,5.0,12,B1060,-80.577366,28.5618571,1,2020,10,4,5,298,43,3795,1,89,116,3,1.0,37.0,0-200,1.0,1.0,1.0,1.0,0.5849056603773585,0.8461538461538461,SuperHeavy,4,1.0251512536197915,9.65509029374725,3175.933605066869,0.5,28.5618571,1,1,15600.0,5200.0,89,2,10.0,1,0,0
90,2020-11-05,Falcon 9,3681.0,MEO,CCSFS SLC 40,True ASDS,1,1,0,1,5e9e3032383ecb6bb234e7ca,5.0,8,B1062,-80.577366,28.5618571,1,2020,11,4,3,310,45,3807,0,90,0,1,0.5,38.0,0-200,1.0,1.0,1.0,0.5,0.5925925925925926,0.5,Medium,2,0.7529164203391417,8.211211361793023,3175.933605066869,0.5,28.5618571,1,3,11043.0,3681.0,0,2,5.0,1,0,0
