FlightNumber,PayloadMass,Flights,Block,ReusedCount,Year,Month,Quarter,DayOfWeek,DaysSinceFirstLaunch,CumulativeFlightNumber,DaysSinceBoosterFirstFlight,BoosterFlightSequence,BoosterPriorSuccessRate,BlockCumulativeFlights,SiteRollingSuccess_5,OverallRollingSuccess_5,OverallRollingSuccess_10,OrbitRollingSuccess_5,SiteCumulativeSuccess,OrbitCumulativeSuccess,PayloadCategoryNumeric,PayloadMassRelative,PayloadMassLog,DistanceToEquator,DistanceToCoast,AbsoluteLatitude,OrbitDifficulty,PayloadOrbitInteraction,PayloadPerFlight,ExperienceReuseInteraction,LandingHardwareScore,BlockReuseInteraction,LandingPadUsed,GridFins,Reused,Legs,IsWeekend,IsEastCoast,Orbit_ES-L1,Orbit_GEO,Orbit_GTO,Orbit_HEO,Orbit_ISS,Orbit_LEO,Orbit_MEO,Orbit_PO,Orbit_SO,Orbit_SSO,Orbit_VLEO,LaunchSite_CCSFS SLC 40,LaunchSite_KSC LC 39A,LaunchSite_VAFB SLC 4E,PayloadCategory_Heavy,PayloadCategory_Light,PayloadCategory_Medium,PayloadCategory_SuperHeavy,Class
1,6123.547647058824,1,1.0,0,2010,6,2,4,0,1,0,1,0.5,0.0,0.5,0.5,0.5,0.5,0.5,0.5,2,1.2525182217331443,8.720060179144204,3175.933605066869,0.5,28.5618571,1,6123.547647058824,6123.547647058824,0,0,1.0,0,0,0,0,0,1,False,False,False,False,False,True,False,False,False,False,False,True,False,False,False,False,True,False,0
2,525.0,1,1.0,0,2012,5,2,1,718,2,0,1,0.5,1.0,0.0,0.0,0.0,0.0,0.0,0.0,1,0.28763351967550244,6.26530121273771,3175.933605066869,0.5,28.5618571,1,525.0,525.0,0,0,1.0,0,0,0,0,0,1,False,False,False,False,False,True,False,False,False,False,False,True,False,False,False,True,False,False,0
3,677.0,1,1.0,0,2013,3,1,4,1001,3,0,1,0.5,2.0,0.0,0.0,0.0,0.5,0.0,0.5,1,0.37091027203869553,6.519147287940395,3175.933605066869,0.5,28.5618571,1,677.0,677.0,0,0,1.0,0,0,0,0,0,1,False,False,False,False,True,False,False,False,False,False,False,True,False,False,False,True,False,False,0
4,500.0,1,1.0,0,2013,9,3,6,1213,4,0,1,0.5,3.0,0.5,0.0,0.0,0.5,0.5,0.5,1,0.2739366854052404,6.2166061010848646,3850.913040682536,0.8,34.632093,2,1000.0,500.0,0,0,1.0,0,0,0,0,1,0,False,False,False,False,False,False,False,True,False,False,False,False,False,True,False,True,False,False,0
5,3170.0,1,1.0,0,2013,12,4,1,1278,5,0,1,0.5,4.0,0.0,0.0,0.0,0.5,0.0,0.5,2,0.6483958306099102,8.061802274538348,3175.933605066869,0.5,28.5618571,3,9510.0,3170.0,0,0,1.0,0,0,0,0,0,1,False,False,True,False,False,False,False,False,False,False,False,True,False,False,False,False,True,False,0
6,3325.0,1,1.0,0,2014,1,1,0,1312,6,0,1,0.5,5.0,0.0,0.0,0.0,0.0,0.0,0.0,2,0.6800997276902054,8.109525659752872,3175.933605066869,0.5,28.5618571,3,9975.0,3325.0,0,0,1.0,0,0,0,0,0,1,False,False,True,False,False,False,False,False,False,False,False,True,False,False,False,False,True,False,0
7,2296.0,1,1.0,0,2014,4,2,4,1414,7,0,1,0.5,6.0,0.0,0.0,0.0,0.0,0.0,0.0,1,1.257917259380864,7.739359202689098,3175.933605066869,0.5,28.5618571,1,2296.0,2296.0,0,1,1.0,0,0,0,1,0,1,False,False,False,False,True,False,False,False,False,False,False,True,False,False,False,True,False,False,1
8,1316.0,1,1.0,0,2014,7,3,0,1501,8,0,1,0.5,7.0,0.2,0.2,0.14285714285714285,0.0,0.16666666666666666,0.0,1,0.7210013559865928,7.183111701743281,3175.933605066869,0.5,28.5618571,1,1316.0,1316.0,0,1,1.0,0,0,0,1,0,1,False,False,False,False,False,True,False,False,False,False,False,True,False,False,False,True,False,False,1
9,4535.0,1,1.0,0,2014,8,3,1,1523,9,0,1,0.5,8.0,0.4,0.4,0.25,0.0,0.2857142857142857,0.0,2,0.9275946661879946,8.419800845407588,3175.933605066869,0.5,28.5618571,3,13605.0,4535.0,0,0,1.0,0,0,0,0,0,1,False,False,True,False,False,False,False,False,False,False,False,True,False,False,False,False,True,False,0
10,4428.0,1,1.0,0,2014,9,3,6,1556,10,0,1,0.5,9.0,0.4,0.4,0.2222222222222222,0.0,0.25,0.0,2,0.9057087501390165,8.395929103923198,3175.933605066869,0.5,28.5618571,3,13284.0,4428.0,0,0,1.0,0,0,0,0,1,1,False,False,True,False,False,False,False,False,False,False,False,True,False,False,False,False,True,False,0
11,2216.0,1,1.0,0,2014,9,3,6,1570,11,0,1,0.5,10.0,0.4,0.4,0.2,0.5,0.2222222222222222,0.5,1,1.2140873897160256,7.7039102096163115,3175.933605066869,0.5,28.5618571,1,2216.0,2216.0,0,0,1.0,0,0,0,0,1,1,False,False,False,False,True,False,False,False,False,False,False,True,False,False,False,True,False,False,0
12,2395.0,1,1.0,0,2015,1,1,5,1681,12,0,1,0.5,11.0,0.4,0.4,0.2,0.3333333333333333,0.2,0.3333333333333333,1,1.3121567230911015,7.78155595923534,3175.933605066869,0.5,28.5618571,1,2395.0,2395.0,0,2,1.0,1,1,0,1,1,1,False,False,False,False,True,False,False,False,False,False,False,True,False,False,False,True,False,False,0
13,570.0,1,1.0,0,2015,2,1,2,1713,13,0,1,0.5,12.0,0.2,0.2,0.2,0.5,0.18181818181818182,0.5,1,0.3122878213619741,6.3473892096560105,3175.933605066869,0.5,28.5618571,4,2280.0,570.0,0,2,1.0,0,1,0,1,0,1,True,False,False,False,False,False,False,False,False,False,False,True,False,False,False,True,False,False,1
14,1898.0,1,1.0,0,2015,4,2,1,1775,14,0,1,0.5,13.0,0.2,0.2,0.3,0.25,0.25,0.25,1,1.0398636577982927,7.549082710812286,3175.933605066869,0.5,28.5618571,1,1898.0,1898.0,0,2,1.0,1,1,0,1,0,1,False,False,False,False,True,False,False,False,False,False,False,True,False,False,False,True,False,False,0
15,4707.0,1,1.0,0,2015,4,2,0,1788,15,0,1,0.5,14.0,0.2,0.2,0.3,0.0,0.23076923076923078,0.0,2,0.962775764883548,8.457018468380168,3175.933605066869,0.5,28.5618571,3,14121.0,4707.0,0,0,1.0,0,0,0,0,0,1,False,False,True,False,False,False,False,False,False,False,False,True,False,False,False,False,True,False,0
16,2477.0,1,1.0,0,2015,6,2,6,1850,16,0,1,0.5,15.0,0.2,0.2,0.3,0.2,0.21428571428571427,0.2,1,1.357082339497561,7.815207062189088,3175.933605066869,0.5,28.5618571,1,2477.0,2477.0,0,2,1.0,1,1,0,1,1,1,False,False,False,False,True,False,False,False,False,False,False,True,False,False,False,True,False,False,0
17,2034.0,1,1.0,0,2015,12,4,1,2027,17,0,1,0.5,16.0,0.2,0.2,0.3,0.3333333333333333,0.2,0.3333333333333333,1,1.114374436228518,7.618251097876695,3175.933605066869,0.5,28.5618571,1,2034.0,2034.0,0,2,1.0,1,1,0,1,0,1,False,False,False,False,False,True,False,False,False,False,False,True,False,False,False,True,False,False,1
18,553.0,1,1.0,0,2016,1,1,6,2053,18,0,1,0.5,17.0,0.0,0.4,0.3,0.0,0.0,0.0,1,0.3029739740581959,6.317164686747284,3850.913040682536,0.8,34.632093,2,1106.0,553.0,0,2,1.0,1,1,0,1,1,0,False,False,False,False,False,False,False,True,False,False,False,False,False,True,False,True,False,False,0
19,5271.0,1,1.0,0,2016,3,1,4,2100,19,0,1,0.5,18.0,0.4,0.2,0.2,0.0,0.25,0.0,2,1.0781370420015257,8.570165076182343,3175.933605066869,0.5,28.5618571,3,15813.0,5271.0,0,2,1.0,1,1,0,1,0,1,False,False,True,False,False,False,False,False,False,False,False,True,False,False,False,False,True,False,0
20,3136.0,1,2.0,1,2016,4,2,4,2135,20,0,1,0.5,0.0,0.2,0.2,0.2,0.2,0.23529411764705882,0.16666666666666666,2,0.6414414273793938,8.051022208190679,3175.933605066869,0.5,28.5618571,1,3136.0,3136.0,0,2,2.0,1,1,0,1,0,1,False,False,False,False,True,False,False,False,False,False,False,True,False,False,False,False,True,False,1
21,4696.0,1,2.0,0,2016,5,2,4,2163,21,0,1,0.5,1.0,0.4,0.4,0.3,0.0,0.2777777777777778,0.0,2,0.9605258108972045,8.454679286026995,3175.933605066869,0.5,28.5618571,3,14088.0,4696.0,0,2,2.0,1,1,0,1,0,1,False,False,True,False,False,False,False,False,False,False,False,True,False,False,False,False,True,False,1
22,3100.0,1,2.0,1,2016,5,2,4,2184,22,0,1,0.5,2.0,0.6,0.6,0.4,0.2,0.3157894736842105,0.14285714285714285,2,0.6340779416059059,8.03947991910045,3175.933605066869,0.5,28.5618571,3,9300.0,3100.0,0,2,2.0,1,1,0,1,0,1,False,False,True,False,False,False,False,False,False,False,False,True,False,False,False,False,True,False,1
23,2257.0,1,2.0,1,2016,7,3,0,2236,23,0,1,0.5,3.0,0.8,0.6,0.5,0.2,0.35,0.2857142857142857,1,1.2365501979192552,7.722234744709607,3175.933605066869,0.5,28.5618571,1,2257.0,2257.0,0,2,2.0,1,1,0,1,0,1,False,False,False,False,True,False,False,False,False,False,False,True,False,False,False,True,False,False,1
24,4600.0,1,2.0,0,2016,8,3,6,2263,24,0,1,0.5,4.0,0.8,0.8,0.5,0.4,0.38095238095238093,0.25,2,0.9408898488345699,8.434028950155469,3175.933605066869,0.5,28.5618571,3,13800.0,4600.0,0,2,2.0,1,1,0,1,1,1,False,False,True,False,False,False,False,False,False,False,False,True,False,False,False,False,True,False,1
25,5500.0,1,3.0,0,2016,9,3,3,2281,25,0,1,0.5,0.0,1.0,1.0,0.6,0.6,0.4090909090909091,0.3333333333333333,2,1.1249769931717684,8.612685172875459,3175.933605066869,0.5,28.5618571,3,16500.0,5500.0,0,2,3.0,1,1,0,1,0,1,False,False,True,False,False,False,False,False,False,False,False,True,False,False,False,False,True,False,0
26,9600.0,1,3.0,1,2017,1,1,5,2416,26,0,1,0.5,1.0,0.0,0.8,0.6,0.0,0.0,0.0,3,1.0565589196685046,9.169622538697624,3850.913040682536,0.8,34.632093,2,19200.0,9600.0,0,2,3.0,1,1,0,1,1,0,False,False,False,False,False,False,False,True,False,False,False,False,False,True,True,False,False,False,1
27,2490.0,1,3.0,1,2017,2,1,6,2452,27,0,1,0.5,2.0,0.5,0.8,0.7,0.4,0.5,0.375,1,1.3642046933180974,7.820439515262181,3181.070966350745,3.88,28.6080585,1,2490.0,2490.0,0,2,3.0,1,1,0,1,1,1,False,False,False,False,True,False,False,False,False,False,False,False,True,False,False,True,False,False,1
28,5600.0,1,3.0,0,2017,3,1,3,2477,28,0,1,0.5,3.0,1.0,0.8,0.7,0.6,1.0,0.3,2,1.145431120320346,8.630700432209832,3181.070966350745,3.88,28.6080585,3,16800.0,5600.0,0,0,3.0,0,0,0,0,0,1,False,False,True,False,False,False,False,False,False,False,False,False,True,False,False,False,True,False,0
29,5300.0,2,2.0,1,2017,3,1,3,2491,29,356,2,1.0,5.0,0.5,0.6,0.7,0.6,0.5,0.2727272727272727,2,1.0840687388746133,8.575650760987806,3181.070966350745,3.88,28.6080585,3,15900.0,2650.0,29,2,4.0,1,1,1,1,0,1,False,False,True,False,False,False,False,False,False,False,False,False,True,False,False,False,True,False,1
30,6123.547647058824,1,3.0,1,2017,5,2,0,2523,30,0,1,0.5,4.0,0.6666666666666666,0.6,0.8,0.5,0.6666666666666666,0.5,2,1.2525182217331443,8.720060179144204,3181.070966350745,3.88,28.6080585,1,6123.547647058824,6123.547647058824,0,2,3.0,1,1,0,1,0,1,False,False,False,False,False,True,False,False,False,False,False,False,True,False,False,False,True,False,1
31,6070.0,1,3.0,0,2017,5,2,0,2537,31,0,1,0.5,5.0,0.75,0.8,0.8,0.6,0.75,0.3333333333333333,2,1.2415655179186609,8.711278615130434,3181.070966350745,3.88,28.6080585,3,18210.0,6070.0,0,0,3.0,0,0,0,0,0,1,False,False,True,False,False,False,False,False,False,False,False,False,True,False,False,False,True,False,0
32,2708.0,1,3.0,1,2017,6,2,5,2556,32,0,1,0.5,6.0,0.6,0.6,0.7,0.6,0.6,0.4444444444444444,1,1.4836410881547821,7.904334842085095,3181.070966350745,3.88,28.6080585,1,2708.0,2708.0,0,2,3.0,1,1,0,1,1,1,False,False,False,False,True,False,False,False,False,False,False,False,True,False,False,True,False,False,1
33,3669.0,2,3.0,1,2017,6,2,4,2576,33,160,2,1.0,7.0,0.6,0.6,0.7,0.4,0.6666666666666666,0.3076923076923077,2,0.7504619250813125,8.207946941048617,3181.070966350745,3.88,28.6080585,3,11007.0,1834.5,33,2,6.0,1,1,1,1,0,1,False,False,True,False,False,False,False,False,False,False,False,False,True,False,False,False,True,False,1
34,9600.0,1,3.0,1,2017,6,2,6,2578,34,0,1,0.5,8.0,0.3333333333333333,0.8,0.7,0.3333333333333333,0.3333333333333333,0.3333333333333333,3,1.0565589196685046,9.169622538697624,3850.913040682536,0.8,34.632093,2,19200.0,9600.0,0,2,3.0,1,1,0,1,1,0,False,False,False,False,False,False,False,True,False,False,False,False,False,True,True,False,False,False,1
35,6761.0,1,3.0,0,2017,7,3,2,2588,35,0,1,0.5,9.0,0.8,0.8,0.7,0.4,0.7142857142857143,0.35714285714285715,2,1.3829035365153322,8.819073983267831,3181.070966350745,3.88,28.6080585,3,20283.0,6761.0,0,0,3.0,0,0,0,0,0,1,False,False,True,False,False,False,False,False,False,False,False,False,True,False,False,False,True,False,0
36,2910.0,1,4.0,1,2017,8,3,0,2628,36,0,1,0.5,0.0,0.6,0.6,0.7,0.8,0.625,0.5,1,1.5943115090584992,7.976251943745623,3181.070966350745,3.88,28.6080585,1,2910.0,2910.0,0,2,4.0,1,1,0,1,0,1,False,False,False,False,True,False,False,False,False,False,False,False,True,False,False,True,False,False,1
37,475.0,1,3.0,1,2017,8,3,3,2638,37,0,1,0.5,10.0,0.5,0.8,0.7,0.5,0.5,0.5,1,0.2602398511349784,6.16541785423142,3850.913040682536,0.8,34.632093,2,950.0,475.0,0,2,3.0,1,1,0,1,0,0,False,False,False,False,False,False,False,False,False,True,False,False,False,True,False,True,False,False,1
38,4990.0,1,4.0,1,2017,9,3,3,2652,38,0,1,0.5,1.0,0.6,0.8,0.7,0.6,0.6666666666666666,0.6,2,1.0206609447140227,8.515391569469609,3181.070966350745,3.88,28.6080585,1,4990.0,4990.0,0,2,4.0,1,1,0,1,0,1,False,False,False,False,False,True,False,False,False,False,False,False,True,False,False,False,True,False,1
39,9600.0,1,4.0,1,2017,10,4,0,2684,39,0,1,0.5,2.0,0.6,0.8,0.8,0.5,0.6,0.5,3,1.0565589196685046,9.169622538697624,3850.913040682536,0.8,34.632093,2,19200.0,9600.0,0,2,4.0,1,1,0,1,0,0,False,False,False,False,False,False,False,True,False,False,False,False,False,True,True,False,False,False,1
40,5200.0,2,3.0,1,2017,10,4,2,2686,40,234,2,1.0,11.0,0.8,0.8,0.8,0.4,0.7,0.3333333333333333,2,1.0636146117260357,8.556606193773073,3181.070966350745,3.88,28.6080585,3,15600.0,2600.0,40,2,6.0,1,1,1,1,0,1,False,False,True,False,False,False,False,False,False,False,False,False,True,False,False,False,True,False,1
41,3700.0,1,4.0,0,2017,10,4,0,2705,41,0,1,0.5,3.0,0.8,1.0,0.8,0.6,0.7272727272727273,0.375,2,0.7568027044973715,8.216358332386156,3181.070966350745,3.88,28.6080585,3,11100.0,3700.0,0,2,4.0,1,1,0,1,0,1,False,False,True,False,False,False,False,False,False,False,False,False,True,False,False,False,True,False,1
42,2205.0,2,3.0,1,2017,12,4,4,2751,42,195,2,1.0,12.0,0.8,1.0,0.9,1.0,0.391304347826087,0.5454545454545454,1,1.2080607826371101,7.698936199813447,3175.933605066869,0.5,28.5618571,1,2205.0,1102.5,42,2,6.0,1,1,1,1,0,1,False,False,False,False,True,False,False,False,False,False,False,True,False,False,False,True,False,False,1
43,9600.0,2,3.0,1,2017,12,4,5,2759,43,181,2,1.0,13.0,0.8,1.0,0.9,0.6,0.6666666666666666,0.6,3,1.0565589196685046,9.169622538697624,3850.913040682536,0.8,34.632093,2,19200.0,4800.0,43,1,6.0,0,1,1,0,1,0,False,False,False,False,False,False,False,True,False,False,False,False,False,True,True,False,False,False,1
44,6123.547647058824,1,4.0,1,2018,1,1,0,2775,44,0,1,0.5,4.0,0.8,1.0,0.9,0.8,0.4166666666666667,0.6666666666666666,2,1.2525182217331443,8.720060179144204,3175.933605066869,0.5,28.5618571,1,6123.547647058824,6123.547647058824,0,2,4.0,1,1,0,1,0,1,False,False,False,False,False,True,False,False,False,False,False,True,False,False,False,False,True,False,1
45,4230.0,2,3.0,1,2018,1,1,2,2798,45,275,2,1.0,14.0,0.8,1.0,0.9,0.6,0.44,0.4117647058823529,2,0.8652095783848328,8.350193650720067,3175.933605066869,0.5,28.5618571,3,12690.0,2115.0,45,2,6.0,0,1,1,1,0,1,False,False,True,False,False,False,False,False,False,False,False,True,False,False,False,False,True,False,1
46,6092.0,1,4.0,0,2018,3,1,1,2832,46,0,1,0.5,5.0,0.8,1.0,1.0,0.8,0.46153846153846156,0.4444444444444444,2,1.246065425891348,8.714895850248494,3175.933605066869,0.5,28.5618571,3,18276.0,6092.0,0,2,4.0,0,1,0,1,0,1,False,False,True,False,False,False,False,False,False,False,False,True,False,False,False,False,True,False,0
47,9600.0,2,4.0,1,2018,3,1,4,2856,47,172,2,1.0,6.0,1.0,0.8,0.9,0.8,0.7142857142857143,0.6666666666666666,3,1.0565589196685046,9.169622538697624,3850.913040682536,0.8,34.632093,2,19200.0,4800.0,47,2,8.0,0,1,1,1,0,0,False,False,False,False,False,False,False,True,False,False,False,False,False,True,True,False,False,False,0
48,2760.0,2,4.0,1,2018,4,2,0,2859,48,231,2,1.0,7.0,0.6,0.6,0.8,1.0,0.4444444444444444,0.5833333333333334,1,1.512130503436927,7.923348211930154,3175.933605066869,0.5,28.5618571,1,2760.0,1380.0,48,2,8.0,0,1,1,1,0,1,False,False,False,False,True,False,False,False,False,False,False,True,False,False,False,True,False,False,0
49,350.0,1,4.0,1,2018,4,2,2,2875,49,0,1,0.5,8.0,0.6,0.4,0.7,0.5,0.42857142857142855,0.5,1,0.19175567978366828,5.860786223465865,3175.933605066869,0.5,28.5618571,4,1400.0,350.0,0,2,4.0,1,1,0,1,0,1,False,False,False,True,False,False,False,False,False,False,False,True,False,False,False,True,False,False,1
50,3750.0,1,5.0,3,2018,5,2,4,2898,50,0,1,0.5,0.0,0.8,0.4,0.7,0.6,0.75,0.42105263157894735,2,0.7670297680716603,8.229777750081887,3181.070966350745,3.88,28.6080585,3,11250.0,3750.0,0,2,5.0,1,1,0,1,0,1,False,False,True,False,False,False,False,False,False,False,False,False,True,False,False,False,True,False,1
51,5383.85,2,4.0,1,2018,6,2,0,2922,51,270,2,1.0,9.0,0.6,0.4,0.7,0.8,0.4482758620689655,0.45,2,1.1012195244886958,8.591344734049324,3175.933605066869,0.5,28.5618571,3,16151.550000000001,2691.925,51,0,8.0,0,0,1,0,0,1,False,False,True,False,False,False,False,False,False,False,False,True,False,False,False,False,True,False,0
52,2410.0,2,4.0,1,2018,6,2,4,2947,52,72,2,1.0,10.0,0.4,0.4,0.6,0.8,0.43333333333333335,0.5384615384615384,1,1.3203748236532589,7.787796878181171,3175.933605066869,0.5,28.5618571,1,2410.0,1205.0,52,0,8.0,0,0,1,0,0,1,False,False,False,False,True,False,False,False,False,False,False,True,False,False,False,True,False,False,0
53,7076.0,1,5.0,2,2018,7,3,6,2970,53,0,1,0.5,1.0,0.2,0.4,0.5,0.6,0.41935483870967744,0.42857142857142855,3,0.7787719703723269,8.864605368075784,3175.933605066869,0.5,28.5618571,3,21228.0,7076.0,0,2,5.0,1,1,0,1,1,1,False,False,True,False,False,False,False,False,False,False,False,True,False,False,True,False,False,False,1
54,9600.0,1,5.0,4,2018,7,3,2,2973,54,0,1,0.5,2.0,0.8,0.6,0.5,0.8,0.625,0.5714285714285714,3,1.0565589196685046,9.169622538697624,3850.913040682536,0.8,34.632093,2,19200.0,9600.0,0,2,5.0,1,1,0,1,0,0,False,False,False,False,False,False,False,True,False,False,False,False,False,True,True,False,False,False,1
55,5800.0,2,5.0,3,2018,8,3,1,2986,55,88,2,1.0,3.0,0.4,0.6,0.5,0.6,0.4375,0.45454545454545453,2,1.1863393746175013,8.665785595466064,3175.933605066869,0.5,28.5618571,3,17400.0,2900.0,55,2,10.0,1,1,1,1,0,1,False,False,True,False,False,False,False,False,False,False,False,True,False,False,False,False,True,False,1
56,7060.0,1,5.0,9,2018,9,3,0,3020,56,0,1,0.5,4.0,0.6,0.6,0.5,0.6,0.45454545454545453,0.4782608695652174,3,0.7770110388395461,8.862341963516347,3175.933605066869,0.5,28.5618571,3,21180.0,7060.0,0,2,5.0,1,1,0,1,0,1,False,False,True,False,False,False,False,False,False,False,False,True,False,False,True,False,False,False,1
57,2800.0,2,5.0,4,2018,10,4,0,3048,57,75,2,1.0,5.0,0.8,0.8,0.6,1.0,0.6666666666666666,1.0,1,1.5340454382693463,7.937731775260109,3850.913040682536,0.8,34.632093,2,5600.0,1400.0,57,2,10.0,1,1,1,1,0,0,False,False,False,False,False,False,False,False,False,True,False,False,False,True,False,True,False,False,1
58,3000.0,2,5.0,2,2018,11,4,3,3086,58,116,2,1.0,6.0,1.0,1.0,0.7,0.8,0.7692307692307693,0.5,2,0.6136238144573283,8.006700845440367,3181.070966350745,3.88,28.6080585,3,9000.0,1500.0,58,2,10.0,1,1,1,1,0,1,False,False,True,False,False,False,False,False,False,False,False,False,True,False,False,False,True,False,1
59,4000.0,3,5.0,3,2018,12,4,0,3104,59,206,3,1.0,7.0,0.8,1.0,0.8,1.0,0.7,1.0,2,0.8181650859431043,8.294299608857235,3850.913040682536,0.8,34.632093,2,8000.0,1333.3333333333333,59,2,10.0,1,1,1,1,0,0,False,False,False,False,False,False,False,False,False,True,False,False,False,True,False,False,True,False,1
60,2573.0,1,5.0,0,2018,12,4,2,3106,60,0,1,0.5,8.0,0.6,1.0,0.8,0.6,0.47058823529411764,0.5,1,1.4096781830953673,7.853216388156072,3175.933605066869,0.5,28.5618571,1,2573.0,2573.0,0,2,5.0,1,1,0,1,0,1,False,False,False,False,True,False,False,False,False,False,False,True,False,False,False,True,False,False,0
61,4400.0,1,5.0,0,2018,12,4,6,3124,61,0,1,0.5,9.0,0.6,0.8,0.7,0.5,0.45714285714285713,0.5,2,0.8999815945374148,8.38958706681109,3175.933605066869,0.5,28.5618571,3,13200.0,4400.0,0,0,5.0,0,0,0,0,1,1,False,False,False,False,False,False,True,False,False,False,False,True,False,False,False,False,True,False,0
62,9600.0,2,5.0,9,2019,1,1,4,3143,62,123,2,1.0,10.0,0.8,0.6,0.7,0.8,0.7272727272727273,0.625,3,1.0565589196685046,9.169622538697624,3850.913040682536,0.8,34.632093,2,19200.0,4800.0,62,2,10.0,1,1,1,1,0,0,False,False,False,False,False,False,False,True,False,False,False,False,False,True,True,False,False,False,1
63,12259.0,1,5.0,12,2019,3,1,5,3193,63,0,1,0.5,11.0,1.0,0.6,0.8,0.4,0.7857142857142857,0.4666666666666667,4,0.8055980268028862,9.414097209490203,3181.070966350745,3.88,28.6080585,1,12259.0,12259.0,0,2,5.0,1,1,0,1,1,1,False,False,False,False,True,False,False,False,False,False,False,False,True,False,False,False,False,True,1
64,2482.0,1,5.0,3,2019,5,2,5,3256,64,0,1,0.5,12.0,0.6,0.6,0.8,0.4,0.4444444444444444,0.5,1,1.3598217063516134,7.817222785508166,3175.933605066869,0.5,28.5618571,1,2482.0,2482.0,0,2,5.0,1,1,0,1,1,1,False,False,False,False,True,False,False,False,False,False,False,True,False,False,False,True,False,False,1
65,13200.0,3,5.0,9,2019,5,2,4,3276,65,256,3,1.0,13.0,0.6,0.6,0.8,0.5,0.4594594594594595,0.5,4,0.8674356761398236,9.488047863280759,3175.933605066869,0.5,28.5618571,1,13200.0,4400.0,65,2,10.0,1,1,1,1,0,1,False,False,False,False,False,False,False,False,False,False,True,True,False,False,False,False,False,True,1
66,1425.0,2,5.0,12,2019,6,2,2,3295,66,102,2,1.0,14.0,0.8,0.8,0.8,1.0,0.75,1.0,1,0.7807195534049352,7.262628600974241,3850.913040682536,0.8,34.632093,2,2850.0,712.5,66,2,10.0,1,1,1,1,0,0,False,False,False,False,False,False,False,False,False,True,False,False,False,True,False,True,False,False,1
67,2227.7,2,5.0,3,2019,7,3,3,3338,67,82,2,1.0,15.0,0.6,1.0,0.8,0.4,0.47368421052631576,0.5294117647058824,1,1.220497508154508,7.70917373482587,3175.933605066869,0.5,28.5618571,1,2227.7,1113.85,67,2,10.0,1,1,1,1,0,1,False,False,False,False,True,False,False,False,False,False,False,True,False,False,False,True,False,False,1
68,6500.0,3,5.0,2,2019,8,3,1,3350,68,380,3,1.0,16.0,0.6,1.0,0.8,0.8,0.48717948717948717,0.52,2,1.3295182646575445,8.77971129020447,3175.933605066869,0.5,28.5618571,3,19500.0,2166.6666666666665,68,0,10.0,0,0,1,0,0,1,False,False,True,False,False,False,False,False,False,False,False,True,False,False,False,False,True,False,0
69,15600.0,4,5.0,4,2019,11,4,0,3447,69,474,3,1.0,17.0,0.6,0.8,0.7,1.0,0.475,1.0,4,1.0251512536197915,9.65509029374725,3175.933605066869,0.5,28.5618571,1,15600.0,3900.0,69,2,10.0,1,1,1,1,0,1,False,False,False,False,False,False,False,False,False,False,True,True,False,False,False,False,False,True,1
70,5000.0,1,5.0,5,2019,12,4,3,3471,70,0,1,0.5,18.0,0.8,0.8,0.7,0.6,0.4878048780487805,0.5555555555555556,2,1.0227063574288804,8.517393171418904,3175.933605066869,0.5,28.5618571,1,5000.0,5000.0,0,2,5.0,1,1,0,1,0,1,False,False,False,False,True,False,False,False,False,False,False,True,False,False,False,False,True,False,1
71,6800.0,3,5.0,3,2019,12,4,1,3483,71,227,3,1.0,19.0,0.8,0.8,0.8,0.8,0.5,0.5,2,1.3908806461032774,8.824824939175638,3175.933605066869,0.5,28.5618571,3,20400.0,2266.6666666666665,71,2,10.0,1,1,1,1,0,1,False,False,True,False,False,False,False,False,False,False,False,True,False,False,False,False,True,False,1
72,15600.0,4,5.0,9,2020,1,1,1,3504,72,484,4,1.0,20.0,0.8,0.8,0.9,1.0,0.5116279069767442,1.0,4,1.0251512536197915,9.65509029374725,3175.933605066869,0.5,28.5618571,1,15600.0,3900.0,72,2,10.0,1,1,1,1,0,1,False,False,False,False,False,False,False,False,False,False,True,True,False,False,False,False,False,True,1
73,6123.547647058824,4,5.0,3,2020,1,1,6,3516,73,618,4,1.0,21.0,1.0,0.8,0.9,0.5,0.8,0.5,2,1.2525182217331443,8.720060179144204,3181.070966350745,3.88,28.6080585,4,24494.190588235295,1530.886911764706,73,0,10.0,0,0,1,0,1,1,False,False,False,False,False,False,False,False,True,False,False,False,True,False,False,False,True,False,0
74,15600.0,3,5.0,12,2020,1,1,2,3526,74,333,3,1.0,22.0,0.8,0.8,0.8,1.0,0.5227272727272727,1.0,4,1.0251512536197915,9.65509029374725,3175.933605066869,0.5,28.5618571,1,15600.0,5200.0,74,2,10.0,1,1,1,1,0,1,False,False,False,False,False,False,False,False,False,False,True,True,False,False,False,False,False,True,1
75,15600.0,4,5.0,3,2020,2,1,0,3545,75,289,4,1.0,23.0,1.0,0.8,0.8,1.0,0.5333333333333333,1.0,4,1.0251512536197915,9.65509029374725,3175.933605066869,0.5,28.5618571,1,15600.0,3900.0,75,2,10.0,1,1,1,1,0,1,False,False,False,False,False,False,False,False,False,False,True,True,False,False,False,False,False,True,0
76,1977.0,2,5.0,5,2020,3,1,5,3564,76,93,2,1.0,24.0,0.8,0.6,0.7,0.8,0.5217391304347826,0.5789473684210527,1,1.0831456540923206,7.589841512182657,3175.933605066869,0.5,28.5618571,1,1977.0,988.5,76,2,10.0,1,1,1,1,1,1,False,False,False,False,True,False,False,False,False,False,False,True,False,False,False,True,False,False,1
77,15600.0,5,5.0,4,2020,3,1,2,3575,77,602,4,1.0,25.0,0.8,0.6,0.7,0.8,0.75,0.8,4,1.0251512536197915,9.65509029374725,3181.070966350745,3.88,28.6080585,1,15600.0,3120.0,77,2,10.0,1,1,1,1,0,1,False,False,False,False,False,False,False,False,False,False,True,False,True,False,False,False,False,True,0
78,15600.0,4,5.0,12,2020,4,2,2,3610,78,417,4,1.0,26.0,0.6,0.4,0.6,0.6,0.7058823529411765,0.6666666666666666,4,1.0251512536197915,9.65509029374725,3181.070966350745,3.88,28.6080585,1,15600.0,3900.0,78,2,10.0,1,1,1,1,0,1,False,False,False,False,False,False,False,False,False,False,True,False,True,False,False,False,False,True,1
79,9525.0,1,5.0,13,2020,5,2,5,3648,79,0,1,0.5,27.0,0.6,0.6,0.7,1.0,0.7222222222222222,0.6,3,1.0483045531085944,9.161780181360806,3181.070966350745,3.88,28.6080585,1,9525.0,9525.0,0,2,5.0,1,1,0,1,1,1,False,False,False,False,True,False,False,False,False,False,False,False,True,False,True,False,False,False,1
80,15600.0,5,5.0,9,2020,6,2,3,3653,80,633,5,1.0,28.0,0.8,0.6,0.7,0.6,0.5319148936170213,0.7142857142857143,4,1.0251512536197915,9.65509029374725,3175.933605066869,0.5,28.5618571,1,15600.0,3120.0,80,2,10.0,1,1,1,1,0,1,False,False,False,False,False,False,False,False,False,False,True,True,False,False,False,False,False,True,1
81,15600.0,3,5.0,5,2020,6,2,5,3662,81,191,3,1.0,29.0,0.8,0.8,0.7,0.6,0.5416666666666666,0.75,4,1.0251512536197915,9.65509029374725,3175.933605066869,0.5,28.5618571,1,15600.0,5200.0,81,2,10.0,1,1,1,1,1,1,False,False,False,False,False,False,False,False,False,False,True,True,False,False,False,False,False,True,1
82,3880.0,1,5.0,12,2020,6,2,1,3679,82,0,1,0.5,30.0,0.8,0.8,0.7,0.0,0.5510204081632653,0.0,2,0.7936201333648112,8.263848131368906,3175.933605066869,0.5,28.5618571,3,11640.0,3880.0,0,2,5.0,1,1,0,1,0,1,False,False,False,False,False,False,True,False,False,False,False,True,False,False,False,False,True,False,1
83,6123.547647058824,2,5.0,13,2020,7,3,0,3699,83,51,2,1.0,31.0,0.8,1.0,0.7,0.5,0.56,0.5,2,1.2525182217331443,8.720060179144204,3175.933605066869,0.5,28.5618571,4,24494.190588235295,3061.773823529412,83,2,10.0,1,1,1,1,0,1,False,True,False,False,False,False,False,False,False,False,False,True,False,False,False,False,True,False,1
84,15600.0,6,5.0,9,2020,8,3,1,3728,84,708,6,1.0,32.0,1.0,1.0,0.8,0.6,0.5686274509803921,0.7777777777777778,4,1.0251512536197915,9.65509029374725,3175.933605066869,0.5,28.5618571,1,15600.0,2600.0,84,2,10.0,1,1,1,1,0,1,False,False,False,False,False,False,False,False,False,False,True,True,False,False,False,False,False,True,1
85,1600.0,4,5.0,5,2020,8,3,6,3740,85,269,4,1.0,33.0,1.0,1.0,0.8,1.0,0.5769230769230769,1.0,1,0.8765973932967693,7.3783837129967145,3175.933605066869,0.5,28.5618571,2,3200.0,400.0,85,2,10.0,1,1,1,1,1,1,False,False,False,False,False,False,False,False,False,True,False,True,False,False,False,True,False,False,1
86,15600.0,2,5.0,12,2020,9,3,3,3744,86,65,2,1.0,34.0,0.6,1.0,0.9,0.8,0.7368421052631579,0.8,4,1.0251512536197915,9.65509029374725,3181.070966350745,3.88,28.6080585,1,15600.0,7800.0,86,2,10.0,1,1,1,1,0,1,False,False,False,False,False,False,False,False,False,False,True,False,True,False,False,False,False,True,1
87,15600.0,3,5.0,13,2020,10,4,1,3777,87,129,3,1.0,35.0,0.6,1.0,0.9,1.0,0.75,0.8181818181818182,4,1.0251512536197915,9.65509029374725,3181.070966350745,3.88,28.6080585,1,15600.0,5200.0,87,2,10.0,1,1,1,1,0,1,False,False,False,False,False,False,False,False,False,False,True,False,True,False,False,False,False,True,1
88,15600.0,6,5.0,12,2020,10,4,6,3789,88,596,5,1.0,36.0,0.8,1.0,1.0,1.0,0.7619047619047619,0.8333333333333334,4,1.0251512536197915,9.65509029374725,3181.070966350745,3.88,28.6080585,1,15600.0,2600.0,88,2,10.0,1,1,1,1,1,1,False,False,False,False,False,False,False,False,False,False,True,False,True,False,False,False,False,True,1
89,15600.0,3,5.0,12,2020,10,4,5,3795,89,116,3,1.0,37.0,1.0,1.0,1.0,1.0,0.5849056603773585,0.8461538461538461,4,1.0251512536197915,9.65509029374725,3175.933605066869,0.5,28.5618571,1,15600.0,5200.0,89,2,10.0,1,1,1,1,1,1,False,False,False,False,False,False,False,False,False,False,True,True,False,False,False,False,False,True,1
90,3681.0,1,5.0,8,2020,11,4,3,3807,90,0,1,0.5,38.0,1.0,1.0,1.0,0.5,0.5925925925925926,0.5,2,0.7529164203391417,8.211211361793023,3175.933605066869,0.5,28.5618571,3,11043.0,3681.0,0,2,5.0,1,1,0,1,0,1,False,False,False,False,False,False,True,False,False,False,False,True,False,False,False,False,True,False,1
