feature,importance
LandingPadUsed,0.6812017
ReusedCount,0.6573611
LandingHardwareScore,0.34571472
PayloadMassRelative,0.31982914
Legs,0.2493953
Month,0.20550257
OverallRollingSuccess_5,0.1851358
Quarter,0.16210376
BlockCumulativeFlights,0.1601848
SiteCumulativeSuccess,0.09216356
DaysSinceBoosterFirstFlight,0.07081911
OrbitRollingSuccess_5,0.064518936
PayloadMass,0.061857503
DayOfWeek,0.058759
BlockReuseInteraction,0.050076943
FlightNumber,0.04744054
GridFins,0.04702063
PayloadPerFlight,0.04667322
ExperienceReuseInteraction,0.03527559
PayloadOrbitInteraction,0.033421893
CumulativeFlightNumber,0.032111898
PayloadMassLog,0.028792335
Flights,0.023451982
PayloadCategory_Light,0.020029856
OrbitCumulativeSuccess,0.018399762
OrbitDifficulty,0.017775817
DistanceToEquator,0.0161134
BoosterFlightSequence,0.015467331
OverallRollingSuccess_10,0.0147225475
Block,0.012586779
Year,0.0
BoosterPriorSuccessRate,0.0
SiteRollingSuccess_5,0.0
PayloadCategoryNumeric,0.0
DaysSinceFirstLaunch,0.0
AbsoluteLatitude,0.0
DistanceToCoast,0.0
IsWeekend,0.0
IsEastCoast,0.0
Orbit_ES-L1,0.0
Reused,0.0
Orbit_GEO,0.0
Orbit_GTO,0.0
Orbit_ISS,0.0
Orbit_HEO,0.0
Orbit_MEO,0.0
Orbit_PO,0.0
Orbit_SO,0.0
Orbit_LEO,0.0
Orbit_SSO,0.0
Orbit_VLEO,0.0
LaunchSite_KSC LC 39A,0.0
LaunchSite_CCSFS SLC 40,0.0
LaunchSite_VAFB SLC 4E,0.0
PayloadCategory_Heavy,0.0
PayloadCategory_Medium,0.0
PayloadCategory_SuperHeavy,0.0
